{"train/loss/loss":0.8447740313410759,"_timestamp":1.7611898483987348e+09,"train/time/step":0.6015510559082031,"train/time/elapsed":31.84890925884247,"_step":100,"train/status/grad_norm":0.5755448699599565,"train/log_scale":19.069520000000058,"train/loss/dice":0.8443657064437866,"train/grad_clip/max_norm":1,"train/loss/kl":0.4083268219046295,"_wandb":{"runtime":165},"_runtime":165.724497234}