{"train/status/scale/max":0.001882498246850446,"train/status/xyz/max":0.5006665122509003,"train/loss/l1":0.11543181761866435,"train/loss/lpips":0.30953035950660707,"train/status/scale/min":0.0014250595920020715,"_wandb":{"runtime":886},"train/loss/ssim":0.25181551098823546,"train/status/xyz/min":-0.5014599511027336,"train/elastic/memory":7.496480994224548,"train/time/elapsed":637.9156117486954,"train/status/grad_norm":0.17335809109561523,"train/status/opacity/min":0.022587079459335656,"train/status/scale/mean":0.0016222343931440264,"train/status/xyz/mean":-0.034627563478716185,"train/elastic/mem_ratio":0.22083333333333333,"train/loss/reg_opacity":0.9515241664648056,"train/elastic/params/b":0,"train/elastic/params/k":0,"train/loss/loss":0.2287464267015457,"train/status/offset/max":0.0088809934258461,"train/status/offset/min":-0.009316600859165192,"_timestamp":1.7611918435019119e+09,"train/status/opacity/mean":0.02498675732407719,"train/time/step":7.187866065502167,"train/loss/rec":0.22770099502056837,"train/status/opacity/max":0.02799632092472166,"train/grad_clip/max_norm":1,"train/log_scale":20.050500000000067,"_step":100,"train/loss/kl":0.11183492700569332,"train/loss/reg_vol":9.37955916824329e-09,"_runtime":886.693635093,"train/elastic/input_size":15120.55,"train/status/offset/mean":-0.0001497367179399589}